Workbook

Sheet Sheet1
A1: INPUT | D1: OUTPUT
A2: Number of Rooms | B2: Number of Residents | C2: Average Temp (°C) | D2: Energy Consumption (kWh) | F2: Number of Rooms | G2: Number of Residents | H2: Average Temp (°C) | I2: Energy Consumption (kWh)
A3: 3 | B3: 2 | C3: 22.5 | D3: 300 | E3: Mean | F3: 4 | G3: =AVERAGE(B3:B22) -> 3.15 | H3: =AVERAGE(C3:C22) -> 21.655 | I3: =AVERAGE(D3:D22) -> 423
A4: 4 | B4: 3 | C4: 21 | D4: 400 | E4: Standard Deviation | F4: =_xlfn.STDEV.P(A3:A22) -> 1.4142136 | G4: 1.4239031 | H4: 3.1007217 | I4: 168.79277
A5: 5 | B5: 4 | C5: 19.8 | D5: 550
A6: 2 | B6: 1 | C6: 25.1 | D6: 200
A7: 6 | B7: 5 | C7: 18.3 | D7: 650
A8: 3 | B8: 2 | C8: 24.2 | D8: 280
A9: 4 | B9: 4 | C9: 20.1 | D9: 430
A10: 5 | B10: 3 | C10: 19.6 | D10: 500
A11: 2 | B11: 2 | C11: 26.3 | D11: 210
A12: 6 | B12: 5 | C12: 17.9 | D12: 680
A13: 4 | B13: 3 | C13: 22.8 | D13: 390
A14: 3 | B14: 2 | C14: 23.5 | D14: 310
A15: 5 | B15: 4 | C15: 18.6 | D15: 540
A16: 2 | B16: 1 | C16: 25.5 | D16: 190
... A18: 3 | B18: 3 | C18: 24.8 | D18: 320
A19: 4 | B19: 4 | C19: 21.9 | D19: 440 | E19: Validation set
A20: 5 | B20: 3 | C20: 20 | D20: 520 | E20: Validation set
A21: 2 | B21: 1 | C21: 27.2 | D21: 180 | E21: Validation set
A22: 6 | B22: 5 | C22: 17.3 | D22: 670 | E22: Validation set

Sheet Sheet2
A2: Number of Rooms | B2: Number of residents | C2: Average Temp | D2: Energy Consumption
A3: =(Sheet1!A3-Sheet1!F$3)/Sheet1!F$4 -> -0.70710678 | B3: =(Sheet1!B3-Sheet1!G$3)/Sheet1!G$4 -> -0.80763924 | C3: =(Sheet1!C3-Sheet1!H$3)/Sheet1!H$4 -> 0.2725172 | D3: =(Sheet1!D3-Sheet1!I$3)/Sheet1!I$4 -> -0.72870419
A4: =A3 -> -0.70710678 | B4: =(Sheet1!B4-Sheet1!G$3)/Sheet1!G$4 -> -0.10534425 | C4: =(Sheet1!C4-Sheet1!H$3)/Sheet1!H$4 -> -0.21124114 | D4: =(Sheet1!D4-Sheet1!I$3)/Sheet1!I$4 -> -0.13626176
A5: =(Sheet1!A5-Sheet1!F$3)/Sheet1!F$4 -> 0.70710678 | B5: =(Sheet1!B5-Sheet1!G$3)/Sheet1!G$4 -> 0.59695074 | C5: =(Sheet1!C5-Sheet1!H$3)/Sheet1!H$4 -> -0.59824782 | D5: =(Sheet1!D5-Sheet1!I$3)/Sheet1!I$4 -> 0.75240188
A6: =(Sheet1!A6-Sheet1!F$3)/Sheet1!F$4 -> -1.4142136 | B6: =(Sheet1!B6-Sheet1!G$3)/Sheet1!G$4 -> -1.5099342 | C6: =(Sheet1!C6-Sheet1!H$3)/Sheet1!H$4 -> 1.1110317 | D6: =(Sheet1!D6-Sheet1!I$3)/Sheet1!I$4 -> -1.3211466
A7: =(Sheet1!A7-Sheet1!F$3)/Sheet1!F$4 -> 1.4142136 | B7: =(Sheet1!B7-Sheet1!G$3)/Sheet1!G$4 -> 1.2992457 | C7: =(Sheet1!C7-Sheet1!H$3)/Sheet1!H$4 -> -1.0820062 | D7: =(Sheet1!D7-Sheet1!I$3)/Sheet1!I$4 -> 1.3448443
A8: =(Sheet1!A8-Sheet1!F$3)/Sheet1!F$4 -> -0.70710678 | B8: =(Sheet1!B8-Sheet1!G$3)/Sheet1!G$4 -> -0.80763924 | C8: =(Sheet1!C8-Sheet1!H$3)/Sheet1!H$4 -> 0.82077666 | D8: =(Sheet1!D8-Sheet1!I$3)/Sheet1!I$4 -> -0.84719267
A9: =(Sheet1!A9-Sheet1!F$3)/Sheet1!F$4 -> 0 | B9: =(Sheet1!B9-Sheet1!G$3)/Sheet1!G$4 -> 0.59695074 | C9: =(Sheet1!C9-Sheet1!H$3)/Sheet1!H$4 -> -0.50149615 | D9: =(Sheet1!D9-Sheet1!I$3)/Sheet1!I$4 -> 0.04147097
A10: =(Sheet1!A10-Sheet1!F$3)/Sheet1!F$4 -> 0.70710678 | B10: =(Sheet1!B10-Sheet1!G$3)/Sheet1!G$4 -> -0.10534425 | C10: =(Sheet1!C10-Sheet1!H$3)/Sheet1!H$4 -> -0.66274894 | D10: =(Sheet1!D10-Sheet1!I$3)/Sheet1!I$4 -> 0.45618067
A11: =(Sheet1!A11-Sheet1!F$3)/Sheet1!F$4 -> -1.4142136 | B11: =(Sheet1!B11-Sheet1!G$3)/Sheet1!G$4 -> -0.80763924 | C11: =(Sheet1!C11-Sheet1!H$3)/Sheet1!H$4 -> 1.4980383 | D11: =(Sheet1!D11-Sheet1!I$3)/Sheet1!I$4 -> -1.2619024
A12: =(Sheet1!A12-Sheet1!F$3)/Sheet1!F$4 -> 1.4142136 | B12: =(Sheet1!B12-Sheet1!G$3)/Sheet1!G$4 -> 1.2992457 | C12: =(Sheet1!C12-Sheet1!H$3)/Sheet1!H$4 -> -1.2110084 | D12: =(Sheet1!D12-Sheet1!I$3)/Sheet1!I$4 -> 1.522577
A13: =(Sheet1!A13-Sheet1!F$3)/Sheet1!F$4 -> 0 | B13: =(Sheet1!B13-Sheet1!G$3)/Sheet1!G$4 -> -0.10534425 | C13: =(Sheet1!C13-Sheet1!H$3)/Sheet1!H$4 -> 0.36926887 | D13: =(Sheet1!D13-Sheet1!I$3)/Sheet1!I$4 -> -0.195506
A14: =(Sheet1!A14-Sheet1!F$3)/Sheet1!F$4 -> -0.70710678 | B14: =(Sheet1!B14-Sheet1!G$3)/Sheet1!G$4 -> -0.80763924 | C14: =(Sheet1!C14-Sheet1!H$3)/Sheet1!H$4 -> 0.59502277 | D14: =(Sheet1!D14-Sheet1!I$3)/Sheet1!I$4 -> -0.66945994
A15: =(Sheet1!A15-Sheet1!F$3)/Sheet1!F$4 -> 0.70710678 | B15: =(Sheet1!B15-Sheet1!G$3)/Sheet1!G$4 -> 0.59695074 | C15: =(Sheet1!C15-Sheet1!H$3)/Sheet1!H$4 -> -0.9852545 | D15: =(Sheet1!D15-Sheet1!I$3)/Sheet1!I$4 -> 0.69315764
A16: =(Sheet1!A16-Sheet1!F$3)/Sheet1!F$4 -> -1.4142136 | B16: =(Sheet1!B16-Sheet1!G$3)/Sheet1!G$4 -> -1.5099342 | C16: =(Sheet1!C16-Sheet1!H$3)/Sheet1!H$4 -> 1.2400339 | D16: =(Sheet1!D16-Sheet1!I$3)/Sheet1!I$4 -> -1.3803909
... A18: =(Sheet1!A18-Sheet1!F$3)/Sheet1!F$4 -> -0.70710678 | B18: =(Sheet1!B18-Sheet1!G$3)/Sheet1!G$4 -> -0.10534425 | C18: =(Sheet1!C18-Sheet1!H$3)/Sheet1!H$4 -> 1.01428 | D18: =(Sheet1!D18-Sheet1!I$3)/Sheet1!I$4 -> -0.6102157
A19: =(Sheet1!A19-Sheet1!F$3)/Sheet1!F$4 -> 0 | B19: =(Sheet1!B19-Sheet1!G$3)/Sheet1!G$4 -> 0.59695074 | C19: =(Sheet1!C19-Sheet1!H$3)/Sheet1!H$4 -> 0.079013863 | D19: =(Sheet1!D19-Sheet1!I$3)/Sheet1!I$4 -> 0.10071521 | E19: Validation set
A20: =(Sheet1!A20-Sheet1!F$3)/Sheet1!F$4 -> 0.70710678 | B20: =(Sheet1!B20-Sheet1!G$3)/Sheet1!G$4 -> -0.10534425 | C20: =(Sheet1!C20-Sheet1!H$3)/Sheet1!H$4 -> -0.53374671 | D20: =(Sheet1!D20-Sheet1!I$3)/Sheet1!I$4 -> 0.57466916 | E20: Validation set
A21: =(Sheet1!A21-Sheet1!F$3)/Sheet1!F$4 -> -1.4142136 | B21: =(Sheet1!B21-Sheet1!G$3)/Sheet1!G$4 -> -1.5099342 | C21: =(Sheet1!C21-Sheet1!H$3)/Sheet1!H$4 -> 1.7882934 | D21: =(Sheet1!D21-Sheet1!I$3)/Sheet1!I$4 -> -1.4396351 | E21: Validation set
A22: =(Sheet1!A22-Sheet1!F$3)/Sheet1!F$4 -> 1.4142136 | B22: =(Sheet1!B22-Sheet1!G$3)/Sheet1!G$4 -> 1.2992457 | C22: =(Sheet1!C22-Sheet1!H$3)/Sheet1!H$4 -> -1.4045117 | D22: =(Sheet1!D22-Sheet1!I$3)/Sheet1!I$4 -> 1.4633328 | E22: Validation set

Sheet Sheet3
A1: Input layer | H1: W(Node 1) | I1: W(Node2) | J1: W(Node3) | K1: W(Node4) | L1: W(Node5) | N1: Predicted Y1 | O1: Actual Y1 | P1: Square Error | S1: SSE
B2: w1j | C2: w2j | D2: w3j | E2: bias | N2: =SUMPRODUCT($A$12:$E$12,H3:L3)+$F$12 -> -0.64844411 | O2: =Sheet2!D3 -> -0.72870419 | P2: =(N2-O2)^2 -> 0.0064416797 | S2: =SUM(P2:P17) -> 0.15585996
A3: Node1 | B3: 2.0117341 | C3: 1.8660566 | D3: 0.98692964 | E3: 3.2479923 | H3: =IF(SUMPRODUCT($B$3:$D$3,Sheet2!A3:C3)+Sheet3!$E$3<0,0,SUMPRODUCT($B$3:$D$3,Sheet2!A3:C3)+Sheet3!$E$3) -> 0.58733626 | I3: =IF(SUMPRODUCT($B$4:$D$4,Sheet2!A3:C3)+Sheet3!$E$4<0,0,SUMPRODUCT($B$4:$D$4,Sheet2!A3:C3)+Sheet3!$E$4) -> 0.87140502 | J3: =IF(SUMPRODUCT($B$5:$D$5,Sheet2!A3:C3)+Sheet3!$E$5<0,0,SUMPRODUCT($B$5:$D$5,Sheet2!A3:C3)+Sheet3!$E$5) -> 0 | K3: =IF(SUMPRODUCT($B$6:$D$6,Sheet2!A3:C3)+Sheet3!$E$6<0,0,SUMPRODUCT($B$6:$D$6,Sheet2!A3:C3)+Sheet3!$E$6) -> 16.532327 | L3: =IF(SUMPRODUCT($B$7:$D$7,Sheet2!A3:C3)+Sheet3!$E$7<0,0,SUMPRODUCT($B$7:$D$7,Sheet2!A3:C3)+Sheet3!$E$7) -> 0 | N3: =SUMPRODUCT($A$12:$E$12,H4:L4)+$F$12 -> -0.35143399 | O3: =Sheet2!D4 -> -0.13626176 | P3: =(N3-O3)^2 -> 0.046299091
A4: Node2 | B4: 4.355078 | C4: 4.1585526 | D4: 2.4654714 | E4: 6.6376371 | H4: =IF(SUMPRODUCT($B$3:$D$3,Sheet2!A4:C4)+Sheet3!$E$3<0,0,SUMPRODUCT($B$3:$D$3,Sheet2!A4:C4)+Sheet3!$E$3) -> 1.420423 | I4: =IF(SUMPRODUCT($B$4:$D$4,Sheet2!A4:C4)+Sheet3!$E$4<0,0,SUMPRODUCT($B$4:$D$4,Sheet2!A4:C4)+Sheet3!$E$4) -> 2.5992433 | J4: =IF(SUMPRODUCT($B$5:$D$5,Sheet2!A4:C4)+Sheet3!$E$5<0,0,SUMPRODUCT($B$5:$D$5,Sheet2!A4:C4)+Sheet3!$E$5) -> 0.0096629076 | K4: =IF(SUMPRODUCT($B$6:$D$6,Sheet2!A4:C4)+Sheet3!$E$6<0,0,SUMPRODUCT($B$6:$D$6,Sheet2!A4:C4)+Sheet3!$E$6) -> 8.7316489 | L4: =IF(SUMPRODUCT($B$7:$D$7,Sheet2!A4:C4)+Sheet3!$E$7<0,0,SUMPRODUCT($B$7:$D$7,Sheet2!A4:C4)+Sheet3!$E$7) -> 0 | N4: =SUMPRODUCT($A$12:$E$12,H5:L5)+$F$12 -> 0.66114897 | O4: =Sheet2!D5 -> 0.75240188 | P4: =(N4-O4)^2 -> 0.0083270934
A5: Node3 | B5: 0.54685717 | C5: -0.0079888045 | D5: -0.096065161 | E5: 0.37521483 | H5: =IF(SUMPRODUCT($B$3:$D$3,Sheet2!A5:C5)+Sheet3!$E$3<0,0,SUMPRODUCT($B$3:$D$3,Sheet2!A5:C5)+Sheet3!$E$3) -> 5.1940185 | I5: =IF(SUMPRODUCT($B$4:$D$4,Sheet2!A5:C5)+Sheet3!$E$4<0,0,SUMPRODUCT($B$4:$D$4,Sheet2!A5:C5)+Sheet3!$E$4) -> 10.72463 | J5: =IF(SUMPRODUCT($B$5:$D$5,Sheet2!A5:C5)+Sheet3!$E$5<0,0,SUMPRODUCT($B$5:$D$5,Sheet2!A5:C5)+Sheet3!$E$5) -> 0.81460309 | K5: =IF(SUMPRODUCT($B$6:$D$6,Sheet2!A5:C5)+Sheet3!$E$6<0,0,SUMPRODUCT($B$6:$D$6,Sheet2!A5:C5)+Sheet3!$E$6) -> 3.7373368 | L5: =IF(SUMPRODUCT($B$7:$D$7,Sheet2!A5:C5)+Sheet3!$E$7<0,0,SUMPRODUCT($B$7:$D$7,Sheet2!A5:C5)+Sheet3!$E$7) -> 1.692592 | N5: =SUMPRODUCT($A$12:$E$12,H6:L6)+$F$12 -> -1.3508382 | O5: =Sheet2!D6 -> -1.3211466 | P5: =(N5-O5)^2 -> 0.00088159156
A6: Node4 | B6: 1.5138085 | C6: -6.3692464 | D6: 6.8786173 | E6: 10.584157 | H6: =IF(SUMPRODUCT($B$3:$D$3,Sheet2!A6:C6)+Sheet3!$E$3<0,0,SUMPRODUCT($B$3:$D$3,Sheet2!A6:C6)+Sheet3!$E$3) -> 0 | I6: =IF(SUMPRODUCT($B$4:$D$4,Sheet2!A6:C6)+Sheet3!$E$4<0,0,SUMPRODUCT($B$4:$D$4,Sheet2!A6:C6)+Sheet3!$E$4) -> 0 | J6: =IF(SUMPRODUCT($B$5:$D$5,Sheet2!A6:C6)+Sheet3!$E$5<0,0,SUMPRODUCT($B$5:$D$5,Sheet2!A6:C6)+Sheet3!$E$5) -> 0 | K6: =IF(SUMPRODUCT($B$6:$D$6,Sheet2!A6:C6)+Sheet3!$E$6<0,0,SUMPRODUCT($B$6:$D$6,Sheet2!A6:C6)+Sheet3!$E$6) -> 25.702813 | L6: =IF(SUMPRODUCT($B$7:$D$7,Sheet2!A6:C6)+Sheet3!$E$7<0,0,SUMPRODUCT($B$7:$D$7,Sheet2!A6:C6)+Sheet3!$E$7) -> 0 | N6: =SUMPRODUCT($A$12:$E$12,H7:L7)+$F$12 -> 1.3511 | O6: =Sheet2!D7 -> 1.3448443 | P6: =(N6-O6)^2 -> 3.9134133e-05
A7: Node5 | B7: 0.56773292 | C7: 3.0301072 | D7: 0.86325729 | E7: -0.0012387124 | H7: =IF(SUMPRODUCT($B$3:$D$3,Sheet2!A7:C7)+Sheet3!$E$3<0,0,SUMPRODUCT($B$3:$D$3,Sheet2!A7:C7)+Sheet3!$E$3) -> 7.4496161 | I7: =IF(SUMPRODUCT($B$4:$D$4,Sheet2!A7:C7)+Sheet3!$E$4<0,0,SUMPRODUCT($B$4:$D$4,Sheet2!A7:C7)+Sheet3!$E$4) -> 15.531974 | J7: =IF(SUMPRODUCT($B$5:$D$5,Sheet2!A7:C7)+Sheet3!$E$5<0,0,SUMPRODUCT($B$5:$D$5,Sheet2!A7:C7)+Sheet3!$E$5) -> 1.2421513 | K7: =IF(SUMPRODUCT($B$6:$D$6,Sheet2!A7:C7)+Sheet3!$E$6<0,0,SUMPRODUCT($B$6:$D$6,Sheet2!A7:C7)+Sheet3!$E$6) -> 0 | L7: =IF(SUMPRODUCT($B$7:$D$7,Sheet2!A7:C7)+Sheet3!$E$7<0,0,SUMPRODUCT($B$7:$D$7,Sheet2!A7:C7)+Sheet3!$E$7) -> 3.804461 | N7: =SUMPRODUCT($A$12:$E$12,H8:L8)+$F$12 -> -0.78414913 | O7: =Sheet2!D8 -> -0.84719267 | P7: =(N7-O7)^2 -> 0.0039744888
H8: =IF(SUMPRODUCT($B$3:$D$3,Sheet2!A8:C8)+Sheet3!$E$3<0,0,SUMPRODUCT($B$3:$D$3,Sheet2!A8:C8)+Sheet3!$E$3) -> 1.1284298 | I8: =IF(SUMPRODUCT($B$4:$D$4,Sheet2!A8:C8)+Sheet3!$E$4<0,0,SUMPRODUCT($B$4:$D$4,Sheet2!A8:C8)+Sheet3!$E$4) -> 2.223123 | J8: =IF(SUMPRODUCT($B$5:$D$5,Sheet2!A8:C8)+Sheet3!$E$5<0,0,SUMPRODUCT($B$5:$D$5,Sheet2!A8:C8)+Sheet3!$E$5) -> 0 | K8: =IF(SUMPRODUCT($B$6:$D$6,Sheet2!A8:C8)+Sheet3!$E$6<0,0,SUMPRODUCT($B$6:$D$6,Sheet2!A8:C8)+Sheet3!$E$6) -> 20.303594 | L8: =IF(SUMPRODUCT($B$7:$D$7,Sheet2!A8:C8)+Sheet3!$E$7<0,0,SUMPRODUCT($B$7:$D$7,Sheet2!A8:C8)+Sheet3!$E$7) -> 0 | N8: =SUMPRODUCT($A$12:$E$12,H9:L9)+$F$12 -> 0.27676709 | O8: =Sheet2!D9 -> 0.04147097 | P8: =(N8-O8)^2 -> 0.055364263
H9: =IF(SUMPRODUCT($B$3:$D$3,Sheet2!A9:C9)+Sheet3!$E$3<0,0,SUMPRODUCT($B$3:$D$3,Sheet2!A9:C9)+Sheet3!$E$3) -> 3.8669948 | I9: =IF(SUMPRODUCT($B$4:$D$4,Sheet2!A9:C9)+Sheet3!$E$4<0,0,SUMPRODUCT($B$4:$D$4,Sheet2!A9:C9)+Sheet3!$E$4) -> 7.8836637 | J9: =IF(SUMPRODUCT($B$5:$D$5,Sheet2!A9:C9)+Sheet3!$E$5<0,0,SUMPRODUCT($B$5:$D$5,Sheet2!A9:C9)+Sheet3!$E$5) -> 0.41862221 | K9: =IF(SUMPRODUCT($B$6:$D$6,Sheet2!A9:C9)+Sheet3!$E$6<0,0,SUMPRODUCT($B$6:$D$6,Sheet2!A9:C9)+Sheet3!$E$6) -> 3.3324302 | L9: =IF(SUMPRODUCT($B$7:$D$7,Sheet2!A9:C9)+Sheet3!$E$7<0,0,SUMPRODUCT($B$7:$D$7,Sheet2!A9:C9)+Sheet3!$E$7) -> 1.3746658 | N9: =SUMPRODUCT($A$12:$E$12,H10:L10)+$F$12 -> 0.47239784 | O9: =Sheet2!D10 -> 0.45618067 | P9: =(N9-O9)^2 -> 0.00026299652
A10: OUTPUT LAYER WEIGHTS | H10: =IF(SUMPRODUCT($B$3:$D$3,Sheet2!A10:C10)+Sheet3!$E$3<0,0,SUMPRODUCT($B$3:$D$3,Sheet2!A10:C10)+Sheet3!$E$3) -> 3.8198382 | I10: =IF(SUMPRODUCT($B$4:$D$4,Sheet2!A10:C10)+Sheet3!$E$4<0,0,SUMPRODUCT($B$4:$D$4,Sheet2!A10:C10)+Sheet3!$E$4) -> 7.6450741 | J10: =IF(SUMPRODUCT($B$5:$D$5,Sheet2!A10:C10)+Sheet3!$E$5<0,0,SUMPRODUCT($B$5:$D$5,Sheet2!A10:C10)+Sheet3!$E$5) -> 0.8264099 | K10: =IF(SUMPRODUCT($B$6:$D$6,Sheet2!A10:C10)+Sheet3!$E$6<0,0,SUMPRODUCT($B$6:$D$6,Sheet2!A10:C10)+Sheet3!$E$6) -> 7.7667482 | L10: =IF(SUMPRODUCT($B$7:$D$7,Sheet2!A10:C10)+Sheet3!$E$7<0,0,SUMPRODUCT($B$7:$D$7,Sheet2!A10:C10)+Sheet3!$E$7) -> 0 | N10: =SUMPRODUCT($A$12:$E$12,H11:L11)+$F$12 -> -1.2707586 | O10: =Sheet2!D11 -> -1.2619024 | P10: =(N10-O10)^2 -> 7.843219e-05
A11: Node1(z1) | B11: Node2(z2) | C11: Node3(z3) | D11: Node4(z4) | E11: Node5(z5) | F11: bias | H11: =IF(SUMPRODUCT($B$3:$D$3,Sheet2!A11:C11)+Sheet3!$E$3<0,0,SUMPRODUCT($B$3:$D$3,Sheet2!A11:C11)+Sheet3!$E$3) -> 0.37432859 | I11: =IF(SUMPRODUCT($B$4:$D$4,Sheet2!A11:C11)+Sheet3!$E$4<0,0,SUMPRODUCT($B$4:$D$4,Sheet2!A11:C11)+Sheet3!$E$4) -> 0.81338718 | J11: =IF(SUMPRODUCT($B$5:$D$5,Sheet2!A11:C11)+Sheet3!$E$5<0,0,SUMPRODUCT($B$5:$D$5,Sheet2!A11:C11)+Sheet3!$E$5) -> 0 | K11: =IF(SUMPRODUCT($B$6:$D$6,Sheet2!A11:C11)+Sheet3!$E$6<0,0,SUMPRODUCT($B$6:$D$6,Sheet2!A11:C11)+Sheet3!$E$6) -> 23.891794 | L11: =IF(SUMPRODUCT($B$7:$D$7,Sheet2!A11:C11)+Sheet3!$E$7<0,0,SUMPRODUCT($B$7:$D$7,Sheet2!A11:C11)+Sheet3!$E$7) -> 0 | N11: =SUMPRODUCT($A$12:$E$12,H12:L12)+$F$12 -> 1.3820329 | O11: =Sheet2!D12 -> 1.522577 | P11: =(N11-O11)^2 -> 0.019752655
A12: 3.3013555 | B12: -1.4213364 | C12: 0.090758937 | D12: -0.00021241572 | E12: 0.01736662 | F12: -1.3453785 | H12: =IF(SUMPRODUCT($B$3:$D$3,Sheet2!A12:C12)+Sheet3!$E$3<0,0,SUMPRODUCT($B$3:$D$3,Sheet2!A12:C12)+Sheet3!$E$3) -> 7.3222999 | I12: =IF(SUMPRODUCT($B$4:$D$4,Sheet2!A12:C12)+Sheet3!$E$4<0,0,SUMPRODUCT($B$4:$D$4,Sheet2!A12:C12)+Sheet3!$E$4) -> 15.213923 | J12: =IF(SUMPRODUCT($B$5:$D$5,Sheet2!A12:C12)+Sheet3!$E$5<0,0,SUMPRODUCT($B$5:$D$5,Sheet2!A12:C12)+Sheet3!$E$5) -> 1.2545439 | K12: =IF(SUMPRODUCT($B$6:$D$6,Sheet2!A12:C12)+Sheet3!$E$6<0,0,SUMPRODUCT($B$6:$D$6,Sheet2!A12:C12)+Sheet3!$E$6) -> 0 | L12: =IF(SUMPRODUCT($B$7:$D$7,Sheet2!A12:C12)+Sheet3!$E$7<0,0,SUMPRODUCT($B$7:$D$7,Sheet2!A12:C12)+Sheet3!$E$7) -> 3.6930989 | N12: =SUMPRODUCT($A$12:$E$12,H13:L13)+$F$12 -> -0.14611391 | O12: =Sheet2!D13 -> -0.195506 | P12: =(N12-O12)^2 -> 0.002439579
H13: =IF(SUMPRODUCT($B$3:$D$3,Sheet2!A13:C13)+Sheet3!$E$3<0,0,SUMPRODUCT($B$3:$D$3,Sheet2!A13:C13)+Sheet3!$E$3) -> 3.4158564 | I13: =IF(SUMPRODUCT($B$4:$D$4,Sheet2!A13:C13)+Sheet3!$E$4<0,0,SUMPRODUCT($B$4:$D$4,Sheet2!A13:C13)+Sheet3!$E$4) -> 7.1099793 | J13: =IF(SUMPRODUCT($B$5:$D$5,Sheet2!A13:C13)+Sheet3!$E$5<0,0,SUMPRODUCT($B$5:$D$5,Sheet2!A13:C13)+Sheet3!$E$5) -> 0.34058253 | K13: =IF(SUMPRODUCT($B$6:$D$6,Sheet2!A13:C13)+Sheet3!$E$6<0,0,SUMPRODUCT($B$6:$D$6,Sheet2!A13:C13)+Sheet3!$E$6) -> 13.795179 | L13: =IF(SUMPRODUCT($B$7:$D$7,Sheet2!A13:C13)+Sheet3!$E$7<0,0,SUMPRODUCT($B$7:$D$7,Sheet2!A13:C13)+Sheet3!$E$7) -> 0 | N13: =SUMPRODUCT($A$12:$E$12,H14:L14)+$F$12 -> -0.72827059 | O13: =Sheet2!D14 -> -0.66945994 | P13: =(N13-O13)^2 -> 0.0034586921
H14: =IF(SUMPRODUCT($B$3:$D$3,Sheet2!A14:C14)+Sheet3!$E$3<0,0,SUMPRODUCT($B$3:$D$3,Sheet2!A14:C14)+Sheet3!$E$3) -> 0.90562656 | I14: =IF(SUMPRODUCT($B$4:$D$4,Sheet2!A14:C14)+Sheet3!$E$4<0,0,SUMPRODUCT($B$4:$D$4,Sheet2!A14:C14)+Sheet3!$E$4) -> 1.6665333 | J14: =IF(SUMPRODUCT($B$5:$D$5,Sheet2!A14:C14)+Sheet3!$E$5<0,0,SUMPRODUCT($B$5:$D$5,Sheet2!A14:C14)+Sheet3!$E$5) -> 0 | K14: =IF(SUMPRODUCT($B$6:$D$6,Sheet2!A14:C14)+Sheet3!$E$6<0,0,SUMPRODUCT($B$6:$D$6,Sheet2!A14:C14)+Sheet3!$E$6) -> 18.75072 | L14: =IF(SUMPRODUCT($B$7:$D$7,Sheet2!A14:C14)+Sheet3!$E$7<0,0,SUMPRODUCT($B$7:$D$7,Sheet2!A14:C14)+Sheet3!$E$7) -> 0 | N14: =SUMPRODUCT($A$12:$E$12,H15:L15)+$F$12 -> 0.75451302 | O14: =Sheet2!D15 -> 0.69315764 | P14: =(N14-O14)^2 -> 0.0037644827
H15: =IF(SUMPRODUCT($B$3:$D$3,Sheet2!A15:C15)+Sheet3!$E$3<0,0,SUMPRODUCT($B$3:$D$3,Sheet2!A15:C15)+Sheet3!$E$3) -> 4.8120701 | I15: =IF(SUMPRODUCT($B$4:$D$4,Sheet2!A15:C15)+Sheet3!$E$4<0,0,SUMPRODUCT($B$4:$D$4,Sheet2!A15:C15)+Sheet3!$E$4) -> 9.7704765 | J15: =IF(SUMPRODUCT($B$5:$D$5,Sheet2!A15:C15)+Sheet3!$E$5<0,0,SUMPRODUCT($B$5:$D$5,Sheet2!A15:C15)+Sheet3!$E$5) -> 0.85178095 | K15: =IF(SUMPRODUCT($B$6:$D$6,Sheet2!A15:C15)+Sheet3!$E$6<0,0,SUMPRODUCT($B$6:$D$6,Sheet2!A15:C15)+Sheet3!$E$6) -> 1.075266 | L15: =IF(SUMPRODUCT($B$7:$D$7,Sheet2!A15:C15)+Sheet3!$E$7<0,0,SUMPRODUCT($B$7:$D$7,Sheet2!A15:C15)+Sheet3!$E$7) -> 1.3585057 | N15: =SUMPRODUCT($A$12:$E$12,H16:L16)+$F$12 -> -1.3510267 | O15: =Sheet2!D16 -> -1.3803909 | P15: =(N15-O15)^2 -> 0.00086225311
H16: =IF(SUMPRODUCT($B$3:$D$3,Sheet2!A16:C16)+Sheet3!$E$3<0,0,SUMPRODUCT($B$3:$D$3,Sheet2!A16:C16)+Sheet3!$E$3) -> 0 | I16: =IF(SUMPRODUCT($B$4:$D$4,Sheet2!A16:C16)+Sheet3!$E$4<0,0,SUMPRODUCT($B$4:$D$4,Sheet2!A16:C16)+Sheet3!$E$4) -> 0 | J16: =IF(SUMPRODUCT($B$5:$D$5,Sheet2!A16:C16)+Sheet3!$E$5<0,0,SUMPRODUCT($B$5:$D$5,Sheet2!A16:C16)+Sheet3!$E$5) -> 0 | K16: =IF(SUMPRODUCT($B$6:$D$6,Sheet2!A16:C16)+Sheet3!$E$6<0,0,SUMPRODUCT($B$6:$D$6,Sheet2!A16:C16)+Sheet3!$E$6) -> 26.59017 | L16: =IF(SUMPRODUCT($B$7:$D$7,Sheet2!A16:C16)+Sheet3!$E$7<0,0,SUMPRODUCT($B$7:$D$7,Sheet2!A16:C16)+Sheet3!$E$7) -> 0 | N16: =SUMPRODUCT($A$12:$E$12,H17:L17)+$F$12 -> 1.6867222 | O16: =Sheet2!D17 -> 1.6410655 | P16: =(N16-O16)^2 -> 0.002084532
H17: =IF(SUMPRODUCT($B$3:$D$3,Sheet2!A17:C17)+Sheet3!$E$3<0,0,SUMPRODUCT($B$3:$D$3,Sheet2!A17:C17)+Sheet3!$E$3) -> 8.2508738 | I17: =IF(SUMPRODUCT($B$4:$D$4,Sheet2!A17:C17)+Sheet3!$E$4<0,0,SUMPRODUCT($B$4:$D$4,Sheet2!A17:C17)+Sheet3!$E$4) -> 17.180299 | J17: =IF(SUMPRODUCT($B$5:$D$5,Sheet2!A17:C17)+Sheet3!$E$5<0,0,SUMPRODUCT($B$5:$D$5,Sheet2!A17:C17)+Sheet3!$E$5) -> 1.2861113 | K17: =IF(SUMPRODUCT($B$6:$D$6,Sheet2!A17:C17)+Sheet3!$E$6<0,0,SUMPRODUCT($B$6:$D$6,Sheet2!A17:C17)+Sheet3!$E$6) -> 0 | L17: =IF(SUMPRODUCT($B$7:$D$7,Sheet2!A17:C17)+Sheet3!$E$7<0,0,SUMPRODUCT($B$7:$D$7,Sheet2!A17:C17)+Sheet3!$E$7) -> 5.4870417 | N17: =SUMPRODUCT($A$12:$E$12,H18:L18)+$F$12 -> -0.65298247 | O17: =Sheet2!D18 -> -0.6102157 | P17: =(N17-O17)^2 -> 0.0018289964
H18: =IF(SUMPRODUCT($B$3:$D$3,Sheet2!A18:C18)+Sheet3!$E$3<0,0,SUMPRODUCT($B$3:$D$3,Sheet2!A18:C18)+Sheet3!$E$3) -> 2.6299262 | I18: =IF(SUMPRODUCT($B$4:$D$4,Sheet2!A18:C18)+Sheet3!$E$4<0,0,SUMPRODUCT($B$4:$D$4,Sheet2!A18:C18)+Sheet3!$E$4) -> 5.6207306 | J18: =IF(SUMPRODUCT($B$5:$D$5,Sheet2!A18:C18)+Sheet3!$E$5<0,0,SUMPRODUCT($B$5:$D$5,Sheet2!A18:C18)+Sheet3!$E$5) -> 0 | K18: =IF(SUMPRODUCT($B$6:$D$6,Sheet2!A18:C18)+Sheet3!$E$6<0,0,SUMPRODUCT($B$6:$D$6,Sheet2!A18:C18)+Sheet3!$E$6) -> 17.16154 | L18: =IF(SUMPRODUCT($B$7:$D$7,Sheet2!A18:C18)+Sheet3!$E$7<0,0,SUMPRODUCT($B$7:$D$7,Sheet2!A18:C18)+Sheet3!$E$7) -> 0.15369373 | N18: =SUMPRODUCT($A$12:$E$12,H19:L19)+$F$12 -> 0.13672102 | O18: =Sheet2!D19 -> 0.10071521 | Q18: Validation set
H19: =IF(SUMPRODUCT($B$3:$D$3,Sheet2!A19:C19)+Sheet3!$E$3<0,0,SUMPRODUCT($B$3:$D$3,Sheet2!A19:C19)+Sheet3!$E$3) -> 4.4399173 | I19: =IF(SUMPRODUCT($B$4:$D$4,Sheet2!A19:C19)+Sheet3!$E$4<0,0,SUMPRODUCT($B$4:$D$4,Sheet2!A19:C19)+Sheet3!$E$4) -> 9.3148945 | J19: =IF(SUMPRODUCT($B$5:$D$5,Sheet2!A19:C19)+Sheet3!$E$5<0,0,SUMPRODUCT($B$5:$D$5,Sheet2!A19:C19)+Sheet3!$E$5) -> 0.36285543 | K19: =IF(SUMPRODUCT($B$6:$D$6,Sheet2!A19:C19)+Sheet3!$E$6<0,0,SUMPRODUCT($B$6:$D$6,Sheet2!A19:C19)+Sheet3!$E$6) -> 7.3255365 | L19: =IF(SUMPRODUCT($B$7:$D$7,Sheet2!A19:C19)+Sheet3!$E$7<0,0,SUMPRODUCT($B$7:$D$7,Sheet2!A19:C19)+Sheet3!$E$7) -> 1.8757953 | M19: Validation | N19: =SUMPRODUCT($A$12:$E$12,H20:L20)+$F$12 -> 0.4393425 | O19: =Sheet2!D20 -> 0.57466916
H20: =IF(SUMPRODUCT($B$3:$D$3,Sheet2!A20:C20)+Sheet3!$E$3<0,0,SUMPRODUCT($B$3:$D$3,Sheet2!A20:C20)+Sheet3!$E$3) -> 3.9471543 | I20: =IF(SUMPRODUCT($B$4:$D$4,Sheet2!A20:C20)+Sheet3!$E$4<0,0,SUMPRODUCT($B$4:$D$4,Sheet2!A20:C20)+Sheet3!$E$4) -> 7.9631254 | J20: =IF(SUMPRODUCT($B$5:$D$5,Sheet2!A20:C20)+Sheet3!$E$5<0,0,SUMPRODUCT($B$5:$D$5,Sheet2!A20:C20)+Sheet3!$E$5) -> 0.81401728 | K20: =IF(SUMPRODUCT($B$6:$D$6,Sheet2!A20:C20)+Sheet3!$E$6<0,0,SUMPRODUCT($B$6:$D$6,Sheet2!A20:C20)+Sheet3!$E$6) -> 8.6541051 | L20: =IF(SUMPRODUCT($B$7:$D$7,Sheet2!A20:C20)+Sheet3!$E$7<0,0,SUMPRODUCT($B$7:$D$7,Sheet2!A20:C20)+Sheet3!$E$7) -> 0 | M20: validation | N20: =SUMPRODUCT($A$12:$E$12,H21:L21)+$F$12 -> -1.3518278 | O20: =Sheet2!D21 -> -1.4396351
H21: =IF(SUMPRODUCT($B$3:$D$3,Sheet2!A21:C21)+Sheet3!$E$3<0,0,SUMPRODUCT($B$3:$D$3,Sheet2!A21:C21)+Sheet3!$E$3) -> 0 | I21: =IF(SUMPRODUCT($B$4:$D$4,Sheet2!A21:C21)+Sheet3!$E$4<0,0,SUMPRODUCT($B$4:$D$4,Sheet2!A21:C21)+Sheet3!$E$4) -> 0 | J21: =IF(SUMPRODUCT($B$5:$D$5,Sheet2!A21:C21)+Sheet3!$E$5<0,0,SUMPRODUCT($B$5:$D$5,Sheet2!A21:C21)+Sheet3!$E$5) -> 0 | K21: =IF(SUMPRODUCT($B$6:$D$6,Sheet2!A21:C21)+Sheet3!$E$6<0,0,SUMPRODUCT($B$6:$D$6,Sheet2!A21:C21)+Sheet3!$E$6) -> 30.361437 | L21: =IF(SUMPRODUCT($B$7:$D$7,Sheet2!A21:C21)+Sheet3!$E$7<0,0,SUMPRODUCT($B$7:$D$7,Sheet2!A21:C21)+Sheet3!$E$7) -> 0 | M21: validation | N21: =SUMPRODUCT($A$12:$E$12,H22:L22)+$F$12 -> 1.4284322 | O21: =Sheet2!D22 -> 1.4633328
H22: =IF(SUMPRODUCT($B$3:$D$3,Sheet2!A22:C22)+Sheet3!$E$3<0,0,SUMPRODUCT($B$3:$D$3,Sheet2!A22:C22)+Sheet3!$E$3) -> 7.1313258 | I22: =IF(SUMPRODUCT($B$4:$D$4,Sheet2!A22:C22)+Sheet3!$E$4<0,0,SUMPRODUCT($B$4:$D$4,Sheet2!A22:C22)+Sheet3!$E$4) -> 14.736846 | J22: =IF(SUMPRODUCT($B$5:$D$5,Sheet2!A22:C22)+Sheet3!$E$5<0,0,SUMPRODUCT($B$5:$D$5,Sheet2!A22:C22)+Sheet3!$E$5) -> 1.2731329 | K22: =IF(SUMPRODUCT($B$6:$D$6,Sheet2!A22:C22)+Sheet3!$E$6<0,0,SUMPRODUCT($B$6:$D$6,Sheet2!A22:C22)+Sheet3!$E$6) -> 0 | L22: =IF(SUMPRODUCT($B$7:$D$7,Sheet2!A22:C22)+Sheet3!$E$7<0,0,SUMPRODUCT($B$7:$D$7,Sheet2!A22:C22)+Sheet3!$E$7) -> 3.5260557 | M22: validation

Sheet Sheet4
A1: Number Of Rooms(X1) | B1: Number Of Residents(X2) | C1: Average Temp(X3) | D1: Energy Consumption(Y1)-Actual | H1: W(Node 1) | I1: W(Node2) | J1: W(Node3) | K1: W(Node4) | L1: W(Node5) | P1: Predicted | Q1: Actual
A2: 0 | B2: 0.59695074 | C2: 0.079013863 | D2: 0.10071521 | H2: 3.3574 | I2: 6.9534 | J2: 0.8207 | K2: 10.1869 | L2: 0 | P2: 0.13672102 | Q2: 0.10071521
A3: 0.70710678 | B3: -0.10534425 | C3: -0.53374671 | D3: 0.57466916 | H3: 0 | I3: 0 | J3: 0 | K3: 36.6514 | L3: 0 | P3: 0.4393425 | Q3: 0.57466916
A4: -1.4142136 | B4: -1.5099342 | C4: 1.7882934 | D4: -1.4396351 | H4: 6.8348 | I4: 14.6797 | J4: 1.2805 | K4: 0 | L4: 3.1917 | P4: -1.3518278 | Q4: -1.4396351
A5: 1.4142136 | B5: 1.2992457 | C5: -1.4045117 | D5: 1.4633328 | H5: 2.7234 | I5: 5.1371 | J5: 0.3812 | K5: 13.2662 | L5: 0 | P5: 1.4284322 | Q5: 1.4633328
A11: Node1(z1) | B11: Node2(z2) | C11: Node3(z3) | D11: Node4(z4) | E11: Node5(z5) | F11: bias
A12: 4.6461877 | B12: -1.5977068 | C12: 0.092442262 | D12: 0.23536018 | E12: -0.86956724 | F12: -6.5463994
B17: Input layer
C18: w1j | D18: w2j | E18: w3j | F18: bias
B19: Node1 | C19: 1.9698339 | D19: 2.1074765 | E19: 1.0056771 | F19: 2.7233503
B20: Node2 | C20: 5.098417 | D20: 4.4652942 | E20: 2.4699942 | F20: 5.1370653
B21: Node3 | C21: 0.54775929 | D21: -0.0079882486 | E21: -0.096145397 | F21: 0.38119864
B22: Node4 | C22: 1.7842388 | D22: -6.100473 | E22: 9.3369554 | F22: 13.266216
B23: Node5 | C23: 0.69819545 | D23: 4.3587626 | E23: 2.4617818 | F23: -0.0012388562
